{"cameraMode":{"drawMode":0,"name":"Shaded","section":"Shading Mode"},"sceneLighting":true,"audioPlay":false,"sceneViewState":{"showFog":true,"showMaterialUpdate":true,"showSkybox":true,"showFlares":true,"showImageEffects":true,"showParticleSystems":true},"in2DMode":false,"pivot":{"x":160.59844970703126,"y":29.16575050354004,"z":-13.581689834594727},"rotation":{"x":0.027303233742713929,"y":-0.014997866936028004,"z":0.00040851300582289696,"w":0.999514639377594},"size":6.192895412445068,"orthographic":true}