{"cameraMode":{"drawMode":0,"name":"Shaded","section":"Shading Mode"},"sceneLighting":false,"audioPlay":false,"sceneViewState":{"showFog":true,"showMaterialUpdate":true,"showSkybox":true,"showFlares":true,"showImageEffects":true,"showParticleSystems":true},"in2DMode":false,"pivot":{"x":111.2150650024414,"y":15.823408126831055,"z":22.54916763305664},"rotation":{"x":0.07479774951934815,"y":-0.7638605237007141,"z":0.09002126753330231,"w":0.6346798539161682},"size":54.85661697387695,"orthographic":true}