{"cameraMode":{"drawMode":0,"name":"Shaded","section":"Shading Mode"},"sceneLighting":true,"audioPlay":false,"sceneViewState":{"showFog":true,"showMaterialUpdate":true,"showSkybox":true,"showFlares":true,"showImageEffects":true,"showParticleSystems":true},"in2DMode":false,"pivot":{"x":160.59844970703126,"y":29.16575050354004,"z":-13.581689834594727},"rotation":{"x":0.06252028793096543,"y":0.2603923976421356,"z":-0.01690075546503067,"w":0.9633283615112305},"size":6.192895412445068,"orthographic":true}