{"cameraMode":{"drawMode":0,"name":"Shaded","section":"Shading Mode"},"sceneLighting":true,"audioPlay":false,"sceneViewState":{"showFog":true,"showMaterialUpdate":true,"showSkybox":true,"showFlares":true,"showImageEffects":true,"showParticleSystems":true},"in2DMode":false,"pivot":{"x":163.18064880371095,"y":28.062530517578126,"z":42.97846221923828},"rotation":{"x":0.2741229832172394,"y":-0.2858179807662964,"z":0.08569906651973725,"w":0.9142321348190308},"size":54.85661697387695,"orthographic":true}