{"cameraMode":{"drawMode":0,"name":"Shaded","section":"Shading Mode"},"sceneLighting":true,"audioPlay":false,"sceneViewState":{"showFog":true,"showMaterialUpdate":true,"showSkybox":true,"showFlares":true,"showImageEffects":true,"showParticleSystems":true},"in2DMode":false,"pivot":{"x":441.23583984375,"y":264.78302001953127,"z":205.65011596679688},"rotation":{"x":-0.001807104330509901,"y":-0.05337759852409363,"z":0.00009646841499488801,"w":-0.998572826385498},"size":560.0484008789063,"orthographic":true}