{"cameraMode":{"drawMode":0,"name":"Shaded","section":"Shading Mode"},"sceneLighting":false,"audioPlay":false,"sceneViewState":{"showFog":true,"showMaterialUpdate":true,"showSkybox":true,"showFlares":true,"showImageEffects":true,"showParticleSystems":true},"in2DMode":false,"pivot":{"x":159.78611755371095,"y":31.299999237060548,"z":154.59396362304688},"rotation":{"x":0.15877795219421388,"y":-0.33750662207603457,"z":0.05786878988146782,"w":0.9260292649269104},"size":46.77042007446289,"orthographic":true}