{"cameraMode":{"drawMode":0,"name":"Shaded","section":"Shading Mode"},"sceneLighting":true,"audioPlay":false,"sceneViewState":{"showFog":true,"showMaterialUpdate":false,"showSkybox":true,"showFlares":true,"showImageEffects":true,"showParticleSystems":true},"in2DMode":false,"pivot":{"x":1.1001720428466797,"y":60.05996322631836,"z":88.31431579589844},"rotation":{"x":-0.08192004263401032,"y":-0.7622367143630981,"z":0.09841059148311615,"w":-0.6345073580741882},"size":293.616943359375,"orthographic":true}