{"cameraMode":{"drawMode":0,"name":"Shaded","section":"Shading Mode"},"sceneLighting":false,"audioPlay":false,"sceneViewState":{"showFog":true,"showMaterialUpdate":false,"showSkybox":true,"showFlares":true,"showImageEffects":true,"showParticleSystems":true},"in2DMode":false,"pivot":{"x":0.00001239776611328125,"y":28.408241271972658,"z":0.007224917411804199},"rotation":{"x":-0.1402714103460312,"y":0.49000585079193118,"z":-0.08023594319820404,"w":-0.8566098213195801},"size":4.1256890296936039,"orthographic":true}