{"cameraMode":{"drawMode":0,"name":"Shaded","section":"Shading Mode"},"sceneLighting":true,"audioPlay":false,"sceneViewState":{"showFog":true,"showMaterialUpdate":false,"showSkybox":true,"showFlares":true,"showImageEffects":true,"showParticleSystems":true},"in2DMode":false,"pivot":{"x":-0.0004425123333930969,"y":28.1720027923584,"z":-0.08276757597923279},"rotation":{"x":-0.07087753713130951,"y":-0.5469607710838318,"z":0.04654781147837639,"w":-0.8328527808189392},"size":1.7028924226760865,"orthographic":true}