{"cameraMode":{"drawMode":0,"name":"Shaded","section":"Shading Mode"},"sceneLighting":true,"audioPlay":false,"sceneViewState":{"showFog":true,"showMaterialUpdate":false,"showSkybox":true,"showFlares":true,"showImageEffects":true,"showParticleSystems":true},"in2DMode":false,"pivot":{"x":212.94546508789063,"y":-24.679685592651368,"z":-19.54298210144043},"rotation":{"x":0.16955295205116273,"y":0.015401987358927727,"z":-0.0026497661601752044,"w":0.9853971600532532},"size":49.46848678588867,"orthographic":true}