{"cameraMode":{"drawMode":0,"name":"Shaded","section":"Shading Mode"},"sceneLighting":true,"audioPlay":false,"sceneViewState":{"showFog":true,"showMaterialUpdate":false,"showSkybox":true,"showFlares":true,"showImageEffects":true,"showParticleSystems":true},"in2DMode":false,"pivot":{"x":269.2711486816406,"y":1681.5384521484375,"z":870.7356567382813},"rotation":{"x":0.002080999780446291,"y":-0.14260397851467133,"z":-0.0002999823191203177,"w":-0.9897776246070862},"size":22.0,"orthographic":true}