{"cameraMode":{"drawMode":0,"name":"Shaded","section":"Shading Mode"},"sceneLighting":true,"audioPlay":false,"sceneViewState":{"showFog":true,"showMaterialUpdate":false,"showSkybox":true,"showFlares":true,"showImageEffects":true,"showParticleSystems":true},"in2DMode":false,"pivot":{"x":171.27114868164063,"y":45.538448333740237,"z":14.73568344116211},"rotation":{"x":-0.006280040834099054,"y":-0.9817517995834351,"z":0.18718098104000092,"w":-0.03297319635748863},"size":318.3171691894531,"orthographic":true}