{"cameraMode":{"drawMode":0,"name":"Shaded","section":"Shading Mode"},"sceneLighting":true,"audioPlay":false,"sceneViewState":{"showFog":true,"showMaterialUpdate":false,"showSkybox":true,"showFlares":true,"showImageEffects":true,"showParticleSystems":true},"in2DMode":false,"pivot":{"x":3.2249178886413576,"y":26.891761779785158,"z":-0.5419062376022339},"rotation":{"x":0.12949210405349732,"y":-0.02466006577014923,"z":0.0032217141706496479,"w":0.9912685751914978},"size":9.663601875305176,"orthographic":true}