{"cameraMode":{"drawMode":0,"name":"Shaded","section":"Shading Mode"},"sceneLighting":true,"audioPlay":false,"sceneViewState":{"showFog":true,"showMaterialUpdate":false,"showSkybox":true,"showFlares":true,"showImageEffects":true,"showParticleSystems":true},"in2DMode":false,"pivot":{"x":1.4626007080078126,"y":28.90639877319336,"z":40.124351501464847},"rotation":{"x":-0.12045103311538696,"y":0.3900827467441559,"z":-0.05155308544635773,"w":-0.9114106297492981},"size":3.2382912635803224,"orthographic":true}