{"cameraMode":{"drawMode":0,"name":"Shaded","section":"Shading Mode"},"sceneLighting":true,"audioPlay":false,"sceneViewState":{"showFog":true,"showMaterialUpdate":false,"showSkybox":true,"showFlares":true,"showImageEffects":true,"showParticleSystems":true},"in2DMode":false,"pivot":{"x":326.4887390136719,"y":-11.17889404296875,"z":127.10676574707031},"rotation":{"x":0.18115584552288056,"y":0.24920691549777986,"z":-0.047519613057374957,"w":0.9501686096191406},"size":185.53004455566407,"orthographic":true}