{"cameraMode":{"drawMode":0,"name":"Shaded","section":"Shading Mode"},"sceneLighting":false,"audioPlay":false,"sceneViewState":{"showFog":true,"showMaterialUpdate":false,"showSkybox":true,"showFlares":true,"showImageEffects":true,"showParticleSystems":true},"in2DMode":false,"pivot":{"x":228.3050994873047,"y":245.63729858398438,"z":-159.2187042236328},"rotation":{"x":-0.04261158034205437,"y":0.3986276686191559,"z":-0.01856691762804985,"w":-0.9159342646598816},"size":4.9412617683410648,"orthographic":true}