{"cameraMode":{"drawMode":0,"name":"Shaded","section":"Shading Mode"},"sceneLighting":true,"audioPlay":false,"sceneViewState":{"showFog":true,"showMaterialUpdate":false,"showSkybox":true,"showFlares":true,"showImageEffects":true,"showParticleSystems":true},"in2DMode":false,"pivot":{"x":462.2896728515625,"y":33.39387893676758,"z":-19.045310974121095},"rotation":{"x":-0.09934476017951966,"y":0.5386545062065125,"z":-0.06408626586198807,"w":-0.8341912627220154},"size":317.0679626464844,"orthographic":true}