{"cameraMode":{"drawMode":0,"name":"Shaded","section":"Shading Mode"},"sceneLighting":true,"audioPlay":false,"sceneViewState":{"showFog":true,"showMaterialUpdate":false,"showSkybox":true,"showFlares":true,"showImageEffects":true,"showParticleSystems":true},"in2DMode":false,"pivot":{"x":313.67303466796877,"y":-16.198827743530275,"z":96.12086486816406},"rotation":{"x":0.1354202777147293,"y":0.02940187230706215,"z":-0.004045521840453148,"w":0.9903436899185181},"size":231.12045288085938,"orthographic":true}