{"cameraMode":{"drawMode":0,"name":"Shaded","section":"Shading Mode"},"sceneLighting":false,"audioPlay":false,"sceneViewState":{"showFog":true,"showMaterialUpdate":false,"showSkybox":true,"showFlares":true,"showImageEffects":true,"showParticleSystems":true},"in2DMode":false,"pivot":{"x":169.5,"y":206.33999633789063,"z":-124.80000305175781},"rotation":{"x":0.3236475884914398,"y":-0.046823032200336459,"z":0.015998713672161104,"w":0.9448831081390381},"size":37.81024169921875,"orthographic":true}