{"cameraMode":{"drawMode":0,"name":"Shaded","section":"Shading Mode"},"sceneLighting":false,"audioPlay":false,"sceneViewState":{"showFog":true,"showMaterialUpdate":false,"showSkybox":true,"showFlares":true,"showImageEffects":true,"showParticleSystems":true},"in2DMode":false,"pivot":{"x":187.77572631835938,"y":209.8593292236328,"z":-92.60054016113281},"rotation":{"x":0.1272302120923996,"y":-0.689891517162323,"z":0.12510892748832704,"w":0.7015767693519592},"size":15.662383079528809,"orthographic":true}