{"cameraMode":{"drawMode":0,"name":"Shaded","section":"Shading Mode"},"sceneLighting":false,"audioPlay":false,"sceneViewState":{"showFog":true,"showMaterialUpdate":false,"showSkybox":true,"showFlares":true,"showImageEffects":true,"showParticleSystems":true},"in2DMode":false,"pivot":{"x":217.09510803222657,"y":219.7059326171875,"z":-97.44695281982422},"rotation":{"x":0.40277397632598879,"y":0.11213061213493347,"z":-0.04979448765516281,"w":0.9070393443107605},"size":59.67921447753906,"orthographic":true}