{"cameraMode":{"drawMode":0,"name":"Shaded","section":"Shading Mode"},"sceneLighting":false,"audioPlay":false,"sceneViewState":{"showFog":true,"showMaterialUpdate":false,"showSkybox":true,"showFlares":true,"showImageEffects":true,"showParticleSystems":true},"in2DMode":false,"pivot":{"x":215.30368041992188,"y":233.9127197265625,"z":-135.41360473632813},"rotation":{"x":0.40277397632598879,"y":0.11213061213493347,"z":-0.04979448765516281,"w":0.9070393443107605},"size":60.296417236328128,"orthographic":true}