{"cameraMode":{"drawMode":0,"name":"Shaded","section":"Shading Mode"},"sceneLighting":true,"audioPlay":false,"sceneViewState":{"showFog":true,"showMaterialUpdate":false,"showSkybox":true,"showFlares":true,"showImageEffects":true,"showParticleSystems":true},"in2DMode":false,"pivot":{"x":350.47491455078127,"y":3.7486696243286135,"z":78.09351348876953},"rotation":{"x":0.3646225333213806,"y":0.03459811955690384,"z":-0.013603041879832745,"w":0.9304130673408508},"size":75.74761962890625,"orthographic":true}