{"cameraMode":{"drawMode":0,"name":"Shaded","section":"Shading Mode"},"sceneLighting":true,"audioPlay":false,"sceneViewState":{"showFog":true,"showMaterialUpdate":false,"showSkybox":true,"showFlares":true,"showImageEffects":true,"showParticleSystems":true},"in2DMode":false,"pivot":{"x":197.11837768554688,"y":-9.125,"z":390.2371826171875},"rotation":{"x":0.04904329776763916,"y":-0.7011789679527283,"z":0.0484582893550396,"w":0.709644079208374},"size":113.82469177246094,"orthographic":true}