{"cameraMode":{"drawMode":0,"name":"Shaded","section":"Shading Mode"},"sceneLighting":false,"audioPlay":false,"sceneViewState":{"showFog":true,"showMaterialUpdate":false,"showSkybox":true,"showFlares":true,"showImageEffects":true,"showParticleSystems":true},"in2DMode":false,"pivot":{"x":262.8553466796875,"y":255.6738739013672,"z":-162.10870361328126},"rotation":{"x":-0.1366417407989502,"y":0.7356692552566528,"z":-0.15588614344596864,"w":-0.6448405385017395},"size":59.35698318481445,"orthographic":false}