{"cameraMode":{"drawMode":0,"name":"Shaded","section":"Shading Mode"},"sceneLighting":true,"audioPlay":false,"sceneViewState":{"showFog":true,"showMaterialUpdate":false,"showSkybox":true,"showFlares":true,"showImageEffects":true,"showParticleSystems":true},"in2DMode":false,"pivot":{"x":-54.69249725341797,"y":-16.33225440979004,"z":-5.155561447143555},"rotation":{"x":-0.2825864255428314,"y":0.6154234409332275,"z":-0.2514231204986572,"w":-0.691509485244751},"size":340.0935974121094,"orthographic":true}